{
  "branches": [
    {
      "id": "branch_001",
      "branchName": "Chi nhánh Quận 1",
      "branchType": "RETAIL",
      "performanceLevel": "EXCELLENT",
      "lat": 10.77,
      "lng": 106.7,
      "image": "https://images.unsplash.com/photo-1441986300917-64674bd600d8?w=400",
      "manager": "Nguyễn Văn A",
      "employeeCount": 15,
      "monthlyRevenue": 500000000,
      "monthlyExpense": 300000000,
      "monthlyProfit": 200000000,
      "inventoryValue": 150000000,
      "inventoryCount": 1250,
      "address": "123 Nguyễn Huệ, Quận 1, TP.HCM"
    },
    {
      "id": "branch_002",
      "branchName": "Kho Bình Tân",
      "branchType": "WAREHOUSE",
      "performanceLevel": "GOOD",
      "lat": 10.73,
      "lng": 106.61,
      "image": "https://images.unsplash.com/photo-1586528116311-ad8dd3c8310d?w=400",
      "manager": "Trần Thị B",
      "employeeCount": 8,
      "monthlyRevenue": 200000000,
      "monthlyExpense": 150000000,
      "monthlyProfit": 50000000,
      "inventoryValue": 500000000,
      "inventoryCount": 5000,
      "address": "456 Lê Văn Quới, Bình Tân, TP.HCM"
    },
    {
      "id": "branch_003",
      "branchName": "Nhà máy Thủ Đức",
      "branchType": "FACTORY",
      "performanceLevel": "AVERAGE",
      "lat": 10.85,
      "lng": 106.78,
      "image": "https://images.unsplash.com/photo-1581091226825-a6a2a5aee158?w=400",
      "manager": "Lê Văn C",
      "employeeCount": 50,
      "monthlyRevenue": 1000000000,
      "monthlyExpense": 850000000,
      "monthlyProfit": 150000000,
      "inventoryValue": 300000000,
      "inventoryCount": 2000,
      "address": "789 Quốc lộ 1A, Thủ Đức, TP.HCM"
    },
    {
      "id": "branch_004",
      "branchName": "Văn phòng Quận 3",
      "branchType": "OFFICE",
      "performanceLevel": "GOOD",
      "lat": 10.78,
      "lng": 106.69,
      "image": "https://images.unsplash.com/photo-1497366216548-37526070297c?w=400",
      "manager": "Phạm Thị D",
      "employeeCount": 25,
      "monthlyRevenue": 300000000,
      "monthlyExpense": 250000000,
      "monthlyProfit": 50000000,
      "inventoryValue": 50000000,
      "inventoryCount": 100,
      "address": "321 Võ Văn Tần, Quận 3, TP.HCM"
    },
    {
      "id": "branch_005",
      "branchName": "Chi nhánh Quận 7",
      "branchType": "RETAIL",
      "performanceLevel": "POOR",
      "lat": 10.73,
      "lng": 106.72,
      "image": "https://images.unsplash.com/photo-1556742044-3c52d6e88c62?w=400",
      "manager": "Hoàng Văn E",
      "employeeCount": 10,
      "monthlyRevenue": 150000000,
      "monthlyExpense": 180000000,
      "monthlyProfit": -30000000,
      "inventoryValue": 80000000,
      "inventoryCount": 600,
      "address": "555 Nguyễn Thị Thập, Quận 7, TP.HCM"
    }
  ]
}
